rpid,点赞数量,用户,性别,等级,评论内容,发布时间
2065743180,2091,Damian_Bond,保密,5,数学系的乐趣就是——永远惊叹于前人想出自己不可能想出的方法来看看自己到底有多菜[吃瓜],1156天前发布
2066099812,983,克劳恩啤酒,男,6,联想到【波与粒的境界】立刻猜到了旋臂产生的原因所以说玩游戏还能帮助理解数学（,1156天前发布
2065996725,1117,七夜殛月,保密,6,很抱歉，我在这里借题发挥，提起一些无关痛痒的话题关于在很多数学科普视屏中评论与弹幕可能有这样一种风气（当然，其实3B1B这边这些东西都是几乎没有的）——当你谈论一个高中生能理解的数学时，他们就提起高考。当你谈到一个高中生不能理解的问题时，他们就说高数。然而，对于真正大研习数学的学生而言，高考只是求学路上的敲门砖。而高数是整个大学里最简单的数学课程，甚至于实变泛函高概都是一样，对于那些留在象牙塔里的人来说，学过十遍的他们也一样会说“it is basic.”当然，人都是成长的生物，完成高考也好，结了数分课程也好，都是一件那个阶段中很有成就感的事情，所以让一些人津津乐道，这是无可厚非的。和这个视屏一样，当解决了一个小问题，学会了一种学数的技巧，或者找到一种新的数学观念，这往往并非说明成就了什么而只是刚刚学会用火。作者能在有限的时间里告诉你的是这背后还能有多少你没有发现的广阔新世界。应试的教学会让人产生一种——我结课了，考好了我就冲过终点的错觉——但这根本上就是个误导。对于真正留在数学里的人都会明白，这根本只是刚刚穿上跑鞋在起跑线上摆正了姿势，不至于你让穿凉拖甚至用手去参加数学长跑。数学科普数作者并不会要求人人都懂数学，但至少也不会希望观众对数学仍然抱着一个很局外人的“肤浅”心态，这种精神不也是数学科普视频的一部分么？另外，math exchange是个很好地方，对于任何一个学习者而言，我推荐有事没事都可以上去逛逛。,1156天前发布
2065687140,592,笨蛋猪头倒栽葱H,保密,6,呜哇我不要学什么鬼数论哇[大哭]等等，呜哇这好好玩我要学哇[大笑],1156天前发布
2116932295,704,野毛虫,保密,5,小学发现浮力定律并想到大气浮力……该死，阿基米德早发现了小学萌生三角函数表思路……该死，前人早发现了初中自己独立创建极坐标……该死，前人又发现了初三从数量现象推出平方差公式……该死，初二学过的高中因为打赌说所有物理结论都可以公式化，通宵自己独立创建柱坐标系并将磁通量与感应电场公式化(前半夜因为走弯路顺便创建了空间球坐标系)从初中开始感兴趣函数的曲线长度，高二时摸到了积分的门槛……🤔从小学第一次发现凹面镜成虚像到大学完整总结光场显示技术……………………[灵魂出窍]小时候以为世界等着我去探索，长大了才发现，几千块的工资就可以把我锁在出租屋，这很真实,1135天前发布
2065695295,436,喷出一口老血,男,6,提示：π的多少整数倍的值最接近另一个整数?这便是这道题的答案,1156天前发布
2065770512,279,JackCommandBlock,男,5,22/7、355/113分别为祖冲之对圆周率的约率和密率！,1156天前发布
2065724699,303,蓝翔守夜人,男,6,手里的微积分，线性代数，概率论与数理统计一下子就不难了呢[囧][囧],1156天前发布
2066463297,168,南墙橘猫,保密,6,中国的教育缺乏启发式教学，课本上大多数只是摆出了公式和定义，但是至于这些公式定义是如何来的，有什么历史渊源，和前人是如何想出来的。提到这些的确实少之又少甚至只字未提。这就是为什么大多数人都觉得数学枯燥的原因。,1156天前发布
2065956654,205,账号已注销,保密,0,最后一段话说得太有道理了。我记得我第一次看的3b1b的视频是求球体内接四面体过球心的概率，我当时连连拍案叫绝，因为我自己以前就想过在圆那部分的思路，而且那两种方法都是自己想到过的，我还总结了一些规律，譬如0维图形（点）过中心的几率就是100%，1维（线）过中心就是50%，二维是25%，我就想知道3维是不是1/8，结果居然在b站上看到了自己的疑问，天啊当时真的是“一见如故”，一见如故啊。,1156天前发布
2066074652,158,Dlofinamme,保密,6,本科生应该干什么：学习极限→微分/代数→测度→积分→……你在干什么：看3b1b→思考数的问题→代数/数论→ZFC→……,1156天前发布
2065665141,94,Solara570,男,6,记得看看置顶评论里面的纠错,1156天前发布
2065758899,91,听風ting,保密,5,我有一种素数'强迫症'，生活中涉及数字，比如音量，能调节为素数值就调，不能就找n的n次方。→_→←_←,1156天前发布
2219987822,86,千言剑圣,保密,3,我从一个东方视频来的，数学的用处，这两个up都是大佬啊,1094天前发布
2104789745,53,小渊xyz,保密,6,境符「波与粒的境界」,1140天前发布
2065756700,79,re友人A,男,6,“诚然，通过课堂或者教科书，你可以学到大量精炼之后的重要结论，也更难走进无趣的死胡同。但是自己重新发现这些概念也很重要”,1156天前发布
2065663518,66,名侦探秀儿,保密,6,我在不断后仰试图让图案动起来~~[蛆音娘_机智][蛆音娘_机智],1156天前发布
2065709782,42,Sebastian-Nura,保密,6,这一期的内容结合图像还是很好理解的[吃瓜]作为科普完全足够了，不过作为数学专业学生表示：代数数论就nm[灵魂出窍],1156天前发布
2067038816,39,婷婷大懒教,保密,5,当n足够大时，xπ×2^n≈y×2^n因为存在一个数N，使得Ω×2^N＞t意味着当n足够大时，差距将拉开超过tt为2时，那时候的数所在的角度已经和710差了大半圈了(Q2)由于指数爆炸，Ω也将随n越拉越大所在的螺旋也将越来弯当螺旋很弯的时候就可以近似圆越近似圆，就越看不出来这以前是个螺旋了也就是为什么视频里的视野每次拓宽的时候，6螺旋和44螺旋都"消失"了(Q1),1156天前发布
2065743180,2091,Damian_Bond,保密,5,数学系的乐趣就是——永远惊叹于前人想出自己不可能想出的方法来看看自己到底有多菜[吃瓜],1156天前发布
2066099812,983,克劳恩啤酒,男,6,联想到【波与粒的境界】立刻猜到了旋臂产生的原因所以说玩游戏还能帮助理解数学（,1156天前发布
2065996725,1117,七夜殛月,保密,6,很抱歉，我在这里借题发挥，提起一些无关痛痒的话题关于在很多数学科普视屏中评论与弹幕可能有这样一种风气（当然，其实3B1B这边这些东西都是几乎没有的）——当你谈论一个高中生能理解的数学时，他们就提起高考。当你谈到一个高中生不能理解的问题时，他们就说高数。然而，对于真正大研习数学的学生而言，高考只是求学路上的敲门砖。而高数是整个大学里最简单的数学课程，甚至于实变泛函高概都是一样，对于那些留在象牙塔里的人来说，学过十遍的他们也一样会说“it is basic.”当然，人都是成长的生物，完成高考也好，结了数分课程也好，都是一件那个阶段中很有成就感的事情，所以让一些人津津乐道，这是无可厚非的。和这个视屏一样，当解决了一个小问题，学会了一种学数的技巧，或者找到一种新的数学观念，这往往并非说明成就了什么而只是刚刚学会用火。作者能在有限的时间里告诉你的是这背后还能有多少你没有发现的广阔新世界。应试的教学会让人产生一种——我结课了，考好了我就冲过终点的错觉——但这根本上就是个误导。对于真正留在数学里的人都会明白，这根本只是刚刚穿上跑鞋在起跑线上摆正了姿势，不至于你让穿凉拖甚至用手去参加数学长跑。数学科普数作者并不会要求人人都懂数学，但至少也不会希望观众对数学仍然抱着一个很局外人的“肤浅”心态，这种精神不也是数学科普视频的一部分么？另外，math exchange是个很好地方，对于任何一个学习者而言，我推荐有事没事都可以上去逛逛。,1156天前发布
2065687140,592,笨蛋猪头倒栽葱H,保密,6,呜哇我不要学什么鬼数论哇[大哭]等等，呜哇这好好玩我要学哇[大笑],1156天前发布
2116932295,704,野毛虫,保密,5,小学发现浮力定律并想到大气浮力……该死，阿基米德早发现了小学萌生三角函数表思路……该死，前人早发现了初中自己独立创建极坐标……该死，前人又发现了初三从数量现象推出平方差公式……该死，初二学过的高中因为打赌说所有物理结论都可以公式化，通宵自己独立创建柱坐标系并将磁通量与感应电场公式化(前半夜因为走弯路顺便创建了空间球坐标系)从初中开始感兴趣函数的曲线长度，高二时摸到了积分的门槛……🤔从小学第一次发现凹面镜成虚像到大学完整总结光场显示技术……………………[灵魂出窍]小时候以为世界等着我去探索，长大了才发现，几千块的工资就可以把我锁在出租屋，这很真实,1135天前发布
2065695295,436,喷出一口老血,男,6,提示：π的多少整数倍的值最接近另一个整数?这便是这道题的答案,1156天前发布
2065770512,279,JackCommandBlock,男,5,22/7、355/113分别为祖冲之对圆周率的约率和密率！,1156天前发布
2065724699,303,蓝翔守夜人,男,6,手里的微积分，线性代数，概率论与数理统计一下子就不难了呢[囧][囧],1156天前发布
2066463297,168,南墙橘猫,保密,6,中国的教育缺乏启发式教学，课本上大多数只是摆出了公式和定义，但是至于这些公式定义是如何来的，有什么历史渊源，和前人是如何想出来的。提到这些的确实少之又少甚至只字未提。这就是为什么大多数人都觉得数学枯燥的原因。,1156天前发布
2065956654,205,账号已注销,保密,0,最后一段话说得太有道理了。我记得我第一次看的3b1b的视频是求球体内接四面体过球心的概率，我当时连连拍案叫绝，因为我自己以前就想过在圆那部分的思路，而且那两种方法都是自己想到过的，我还总结了一些规律，譬如0维图形（点）过中心的几率就是100%，1维（线）过中心就是50%，二维是25%，我就想知道3维是不是1/8，结果居然在b站上看到了自己的疑问，天啊当时真的是“一见如故”，一见如故啊。,1156天前发布
2066074652,158,Dlofinamme,保密,6,本科生应该干什么：学习极限→微分/代数→测度→积分→……你在干什么：看3b1b→思考数的问题→代数/数论→ZFC→……,1156天前发布
2065665141,94,Solara570,男,6,记得看看置顶评论里面的纠错,1156天前发布
2065758899,91,听風ting,保密,5,我有一种素数'强迫症'，生活中涉及数字，比如音量，能调节为素数值就调，不能就找n的n次方。→_→←_←,1156天前发布
2219987822,86,千言剑圣,保密,3,我从一个东方视频来的，数学的用处，这两个up都是大佬啊,1094天前发布
2104789745,53,小渊xyz,保密,6,境符「波与粒的境界」,1140天前发布
2065756700,79,re友人A,男,6,“诚然，通过课堂或者教科书，你可以学到大量精炼之后的重要结论，也更难走进无趣的死胡同。但是自己重新发现这些概念也很重要”,1156天前发布
2065663518,66,名侦探秀儿,保密,6,我在不断后仰试图让图案动起来~~[蛆音娘_机智][蛆音娘_机智],1156天前发布
2065709782,42,Sebastian-Nura,保密,6,这一期的内容结合图像还是很好理解的[吃瓜]作为科普完全足够了，不过作为数学专业学生表示：代数数论就nm[灵魂出窍],1156天前发布
2067038816,39,婷婷大懒教,保密,5,当n足够大时，xπ×2^n≈y×2^n因为存在一个数N，使得Ω×2^N＞t意味着当n足够大时，差距将拉开超过tt为2时，那时候的数所在的角度已经和710差了大半圈了(Q2)由于指数爆炸，Ω也将随n越拉越大所在的螺旋也将越来弯当螺旋很弯的时候就可以近似圆越近似圆，就越看不出来这以前是个螺旋了也就是为什么视频里的视野每次拓宽的时候，6螺旋和44螺旋都"消失"了(Q1),1156天前发布
2066544699,17,甜甜草酿鸡,男,6,我看过一个视频，地球是以太阳为中心螺旋运动，太阳以银河系中心做螺旋运动，而银河系很有可能也是围着某个点螺旋着，生物的DNA可能就是宇宙螺旋运动出来的，所有生物的DNA螺旋角度是36° 螺旋十圈就是360°所以说数学或许含有一部分宇宙的本质,1156天前发布
2111625298,25,好名字都被占了系列,保密,6,感谢数学让我知道了人与人的智商差距能比人与狗的智商差距还大[笑哭],1138天前发布
2130069596,9,芜湖-起飞喽,男,5,//mr.baidu.com/p96ixr6?f=cp&u=be449bef7ed50b9d           up，你视频被百度用户大量播放，不知道是不是你本人，不是的话就说明被盗了，注意维权哦,1130天前发布
2065793186,31,蒂芙莱苛薙德,保密,5,想起了高中拿模10中1，3，7，9同余类推质数推到2000左右，我是一个数学差生，但是很多思考居然也碰到了一些奇妙的理论。,1156天前发布
2066046864,11,守护最好的彩师傅,保密,5,实际上，根据戴德金分割法，你永远也找不到在x轴上分布的素数，只能无穷逼近,1156天前发布
2223206443,37,念月竹,保密,6,東 方 p r o j e c t,1093天前发布
2436978872,27,PERFEIUEP,男,6,我一个东方的怎么跑这来了？,1035天前发布
2068470755,8,CHINA·GOVERNMENT,保密,6,突然有个设想，如果规定极坐标弧度一圈是6，那这些点就会分布在一条直线上,1155天前发布
2065668022,8,理塘丁真_0fficial,男,5,爷关更[吃瓜],1156天前发布
2067115156,19,纯全三色对对和,保密,6,刚开始以为要打开新世界的大门了，然后一顿分析，结果发现螺旋线的形成是trivial的……可能这就是数学吧,1156天前发布
2065798236,7,一局清风,男,6,我在没看这个之前，也在考虑素数的分布，原来一百多年前就研究完了。孪生素数的分布我也在考虑。看到用到复分析，虽然还不知道具体过程，但是的确跟我考虑的另一个问题有关。简单讲就是能量的值的单位是i，在物理学中，它与另外两个值构成了(x，y，z)的三元数，x，y，z∈R，Y＝yi，X＝x，Z＝z，(X，Y，Z)就是物质的性质。,1156天前发布
2065720203,22,-マキ-,女,6,爷爷，你关注的up更新了！终于明白为啥爷爷头发这么少了！[doge][doge][doge],1156天前发布
2295538103,5,教皇12396,保密,5,东方玩家,1068天前发布
2238148233,18,邹零露,保密,6,小学时用一个暑假分析了多项式的幂的运算搞出了杨辉三角，更早些时候研究出了了乘一个数与除另一个结果一样之间的关系，在小学最后的期末考试的那天摸到了三角函数的边。然后家里装了电脑，然后我在数学上的探索就少于时政。最后的探索是初二买了一本几何原本，然后彻底废了,1087天前发布
2066088076,5,像树一样严肃而安静,男,5,一人血书概率论,1156天前发布
2098743796,18,Cross_Gateway,保密,5,up你的两个物块相撞算π被选入了数竞集训队每人要交的例题[滑稽],1143天前发布
4048532477,4,不要放海带,男,5,啊~这种视频看着真的爽，但是还要看字幕，中国科普何时能崛起啊[大哭],694天前发布
2066146060,21,无影,男,6,小学五年级的时候，因为学了圆的面积计算方法（无限分割成无数个小三角形）和正方体体积计算方法（然后利用正方体求出了**锥体积计算方法，并且利用三角形拼接自己推广到了任意棱锥甚至任意底的锥的体积计算方法）。然后用类似的思想，结合把a^2-b^2=(a+b)(a-b)这个公式，自己顺利推导出了球的体积，再推广出了微分与积分的计算方法。还有比如虚数，也是初中没有任何人教的情况下，自己发明了一个ax+by计算法，发现乘法在平面上展现出旋转的含义，然后反向思考会不会这就是所谓的虚数，再然后学到三角函数时直接拿（cosα+sinαi）×（cosβ+sinβi）求出了三角函数角度加减公式。并且在后面思考出了立体坐标四元数旋转的公式……这大概就是末尾所说的，保持对一个看似小的问题保持好奇心，最后有可能会收获意想不到的结果吧。,1156天前发布
4094742633,5,kakaluoto,保密,6,好奇搜了一下视频里面其中一篇论文的华人作者以下摘自百度百科张益唐词条：“对于他为何长达20年没有回国，张益唐有一段话，耐人寻味，他说：世俗压力太大了，你躲不开的，你要不出论文，你就会怎么样怎么样。我自己可以沉住气，我不要这些东西，但你的家人、亲朋好友不答应，在美国就没有这个问题。我欣赏美国的地方是你在一个快餐店打工，在一个超级市场收钱，没有人看不起你。在美国我还是我，但回了中国我就不是我了。",687天前发布
2261435624,15,洛天依゚゚゚゚゚゚゚,保密,5,波 与 粒 的 境 界,1079天前发布
4634518111,3,ステレオジュブナイル,保密,5,这个世界上还是有许多远离人心的纯粹的美等待着我们去发现的，请不要失去希望。（希望我能完成理想）,579天前发布
2092206020,12,The_KOG,保密,6,哈哈哈， 今天在这评论区里算是见识了什么叫学科鄙视链， 哈哈哈， 对他人的学科有一些皮毛的了解就认为其简单， 哈哈哈,1146天前发布
2068566835,10,在逃精神病院长,男,6,可能这就是数学家脑子看到的数字，而我的脑子就是一个数字数列[无语],1155天前发布
2066463955,3,景育,保密,6,这样可视化素数分布的方法，非常惊叹！,1156天前发布
2066399904,3,trasondtrasond,保密,5,素数分布和pi一样，目前人没发现没有规律,1156天前发布
2066187588,13,Phantom_T,保密,6,“诚然，通过课堂或者教科书，你可以学到大量精炼之后的重要结论，也更难走进无趣的死胡同。但是自己重新发现这些概念也很重要”有这样的感受，如果对一个方面有所兴趣，并尝试根据已有的知识进行逻辑推导，就有可能去在了解新的知识之前发现他，如果再学习到类似内容的时候，就会产生共鸣，也会自然的明白前人为什么会这样做这样定义了。,1156天前发布
2066144639,3,JustinRochester,男,6,OI选手极其满足。看到狄利克雷的第一反应是狄利克雷卷积[尴尬],1156天前发布
2066036633,3,辞小柜,保密,6,脑子里就蹦出个斐波那契 弟归 然后冒烟,1156天前发布
2065750052,13,secancpu,男,5,打开视频，一键三连，看眼评论，退出视频，一气呵成。,1156天前发布
2205966799,10,温柔坚强的茉茉SAMA,保密,6,额，原来只是由极坐标导致的视觉误差。放大后的也不是直线，在更大的视觉范围内，还是旋，跟最开始的两步的形成原因是一致的。,1099天前发布
5225451908,4,无魄之魂,保密,4,有些弹幕真的恶心到我了，这是数学科普视频，还“遇事不决量子力学”，这之间能扯上什么关系?我知道这是在玩梗，但要分场合也要有限度。你们口中肆意玩弄的学科名词是别人用一生探索和发展的，是严谨而富有意义的，怎么在键盘侠手上就成了掩饰无知的笑话了?但凡你有一丁点近现代物理知识，也会对那庞大的物理大厦抱有敬畏之心，也不至于卖弄自己的无知，还以此为荣。多读书，少玩梗，多在脑子里塞点真金实银，而不是破铜烂铁，就算不为了自己也要为了别人，不是所有人都喜欢像傻子一样模仿别人自以为潮流的话语，哗众取宠的动作。,494天前发布
3406340125,10,比比帅比,男,5,我不知道弹幕里说“这就是科学教徒吗”的人是什么意思[笑],856天前发布
2808629492,4,自古评论出奇才,保密,5,我数学这么差我已经不配成为车万人了[大哭][大哭][大哭],973天前发布
2065962560,10,月上弦下月上弦,男,6,即便很随便的研究数字，只要不是太过随便，就很有可能遇见有意义的问题。说的太好了求把这个视频顶上主页吧！,1156天前发布
94246927344,2,侃侃而爷,男,4,任何有一定规矩的数列用极坐标都会呈现这种效果好吧[笑哭]，因为本质就是在螺旋上面取点，放远了看都是一样的,389天前发布
3257314303,2,南斗弥,保密,4,哦，爽，币无了,882天前发布
2575038679,2,爱发评论的人,男,5,科普一点数学术语简化剩余系：把剩余系中与模数互质的数留下组成的剩余系,1011天前发布
2302866275,12,NEvERWin_韩韩,女,6,"这破数学有什么用?你买菜也不用解方程。"现在我要为自己的无知道歉，数学真的是好神奇，好深邃。这个世界还有太多太多太多我要学的东西了啊，我会好好学习，考个好大学，继续，无穷尽的学习下去！加油！,1066天前发布
2219107203,2,回到2O48,男,5,糟了，有人忘记密码了,1094天前发布
2110642102,10,虚无闲,男,6,假如把这素数的分布放在3维视角里又是什么样的[妙啊],1138天前发布
2066640593,2,邱莫言I,保密,5,看完之后我得到一个结论  这人英语说的真好[抠鼻],1156天前发布
2066243415,2,圣代°,保密,6,前一阵子刚学过，但是真没想到这种题可以用模m剩余类环去解释，真的妙啊，这就是知识点都学过，但问题就是不会解(>_>),1156天前发布
2066183782,2,SylarWuuu,男,6,讲的蛮好啊，之前做数据加密的时候就接触到了，原来看的时候理解了半天，这个还是讲的蛮生动易懂的。,1156天前发布
2066064036,2,ykls伊卡的小纵之y,保密,5,一年更一次，一更看一年（⌒▽⌒）,1156天前发布
2065888350,2,月光闪耀魔群,男,6,大三了商科专业没数学相关课程了，可我居然迷上了up的论证，即使是大篇幅的看不懂也愿意看完。。（算是感受一下数学的魅力吧）,1156天前发布
2065883213,10,MiniLu挺胖,男,5,不懂就问，费马警告什么梗？,1156天前发布
2065728338,2,闵行老实人,男,6,数学可太美了,1156天前发布
2065653631,2,Violynx小提青,男,5,沙发,1156天前发布
3483581208,3,唐猫刀,男,5,我想问一下弹幕那些学历比我高的大佬们在那刷晦涩难懂的解法是出于什么目的？3B1B不就是想不用难懂的方法来让我们这些学识不咋多的人懂吗？🌝,838天前发布
93638361424,1,内田补水鸟丶,男,6,先前的我，通过小说天才基本法，通过老林的话，了解到了一点数学之美以及其背后，而这个视频，是真正让我体会到了老林的话，这是多么的棒啊，这就是数学呀,395天前发布
93565992704,1,白色飞鱼,男,5,视频最后说的那些话非常重要，这也就是少数情况下，不同的科学家独立地几乎同时间发现相同的定理，这种有趣又不可思议情况发生的原理。同样的，生活中我们也是如此，并非一定是某人发现一个好办法而其他人都没有想到，这是狂妄自大的、愚昧无知的。现代社会巨量的免费知识随处可得，人们的头脑和视野前所未有地开阔，唯一能够阻挠我们的其实是自己。大部分科学家开始时并不比你更聪明只是更努力，经过长期努力勇于探索之后，“进化”的结果就是远超过你。所以，不要崇拜不要畏惧不要盲从，从自我出发找出你心中的世界规律！,396天前发布
5846793631,1,小无极,保密,5,LCJ猜想：素数的极坐标分布1.跟银河系里的每个星球一一对应；2.跟人手指的指纹形状以及头顶的旋有神秘联系,396天前发布
5695729697,1,fover龙皇,男,6,so be playful.太妙的结尾了,421天前发布
5299307132,1,小无极,保密,5,按照银河系的样子排的,485天前发布
4752104477,1,亦泊啊,男,4,最后一段真的深有同感。从小到大学数学和物理等知识真的很多时候我会在学到某一知识前先思考过相关的问题，甚至有的时候发现自己在学到某一知识前就先自己想出来了（当然不会是一些很开创性的知识）。虽然我是在现有的发展完备的知识理论体系下，想出了一些前人在一无所知时想出来的东西，但在看到这个我已经想出来的东西出现在课本上是，还是会有一种自我震撼和满足的快感。,558天前发布
4595296124,1,_樱桃芭蕉_,男,5,莫名想起了zata函数的非平凡零点,587天前发布
4333125641,1,paulyc2,保密,5,认为像波粒的，可以康康这个BV1xp4y117nu,640天前发布
2423072506,1,好吧取个名字那么难,男,6,啊，搞了三年数竞表示很亲切,1038天前发布
2304355943,1,exe19890522,保密,5,怪不得新年祭的时候有人说到b站是一个学习的网站，我靠，都学到高数了啊。,1065天前发布
2232628346,1,MissingNo゛,保密,5,uram nb,1089天前发布
2126322773,1,链路层,保密,6,数学的研究就是研究描述世界的预言，太酷了,1131天前发布
2111699374,1,天理晶婍月神媞,女,5,圣痕[惊喜]通路,1138天前发布
2106696123,1,张北海,保密,6,已直接收藏,1140天前发布
2103238661,1,l凯尔希的老公l,保密,6,数学有时候真的很美丽，代数学与几何学结合起来可以剖析世界很多现象的本质，只是我学的不好T_T,1141天前发布
2097783755,1,看口累提督,男,6,概率论在做了在做了，你pi哥哥有骗过你吗？,1144天前发布
2073893317,1,飙液氮,保密,5,如果把电路按这样排会怎么样,1153天前发布
2072196445,1,Te1o,保密,6,封面图我前几天做梦梦到了,1153天前发布
2069614394,1,今年哈格,女,6,把所有非素数链接意思看起来也是这个效果,1155天前发布
2069338514,1,被生活磨平了虎牙,女,5,有生之年，一定要看懂,1155天前发布
2068533360,1,_节奏大师__,保密,6,哇，请问这期的图是用什么画的呀(｀・ω・´),1155天前发布
2067947930,1,陈皮绿豆鸽子汤,保密,5,关注了，希望能有用上的一天(来自江苏学子),1155天前发布
2067159718,1,SmileMachine,男,6,视频中提到的连分数视频：av40753636,1156天前发布
2067088408,1,心を燃やせ,男,4,来啦,1156天前发布
2067087962,1,从前来的巫师,男,5,我进来就看看这个漩涡，让你就退了……拜拜数学老师，数学课代表们,1156天前发布
2066525298,1,宫琦不太俊,保密,5,宽恕之网,1156天前发布
2066464307,1,猎光者syl,男,5,宇宙-基于数学的无情暴力运算的科学机器,1156天前发布
2066168705,1,Phantom_T,保密,6,一个字：爽,1156天前发布
2065972862,1,agent鹏,保密,6,每次看完都觉得自己这么多年的学白上了。,1156天前发布
2065970751,1,风铃草yyp,男,5,来了老弟[画风突变],1156天前发布
2065969739,1,Brains,男,6,我说这个声音怎么听着耳熟，太像谜之声了,1156天前发布
2065963057,1,朵朵甜Official,女,6,数学真不愧是宇宙学科,1156天前发布
2065855679,1,奇迹喵p,保密,6,下饭，三连了[2233娘_耶],1156天前发布
2065777854,1,土豆人MONO,保密,5,emmm这次更新有点划 其实可以顺便讲讲lionville数的,1156天前发布
2065752216,1,信息孤岛化战略总部,保密,6,什么电脑啊，家里有矿[妙啊],1156天前发布
2065741807,1,圣刻seicoku,男,6,(=・ω・=)对于上面的这些点，用复数坐标表示，是不是an=n*e^（ni）？,1156天前发布
2065741417,1,41MR_MAVE,保密,6,高考前看3B1B只是图个乐上了大学开始学习更高深的数学之后才发现数学的美,1156天前发布
2065740523,1,Peter-老P,男,6,这个我知道！在rsa加密里面有讲到。phi（710）：710=71*5*2phi（710）=（71-1）*（5-1）*（2-1）=70*4=280,1156天前发布
2065738317,1,extremelake,保密,6,数学就是自己挖个坑，再填好,1156天前发布
2065674524,1,cigar666,保密,6,终于又更新了，抢个前排[吃瓜],1156天前发布
2065665833,1,不妙脆角,保密,6,来了[吃瓜]你为什么在我列表里,1156天前发布
2065659698,1,Lyzen256,保密,6,开篇语好押韵[2233娘_大笑],1156天前发布
2065657465,1,买书如山倒读书如抽丝,男,6,更新啦,1156天前发布
123731136272,1,b站阅读者,保密,4,极坐标(p，p)两个相同素数  素数集合  如此美妙啊！,148天前发布
102096034688,1,寻末言,女,4,有没有中文的？我听英文，看着字幕跟不上。[捂脸][doge],320天前发布
100112281680,1,六氟化铂酸氙,保密,4,看完了视频，我才发现：素数螺旋形成的原因其实很简单。就是因为派是无限不循环小数，又可以和一些有理数非常接近。,335天前发布
2066619229,2,290637843qq,男,6,“走近数学”,1156天前发布
2167604929,3,小明水巷,保密,5,质数螺旋对应银河系，有质数的地方对应有生命的星球。,1115天前发布
2065764071,3,睎xii,男,5,一个小建议，可以尝试在P2发一下纯英文字幕的[微笑][微笑],1156天前发布
3673158507,1,郁仪结璘,男,6,这不就是太极图吗！妙哉，大道难猜！,784天前发布
2126080124,1,普罗咖啡噎夫,男,5,自己写过算素数的代码，输出时空格也形成了图像，但没细想，看到这视频真是一见如故,1131天前发布
2103143195,1,小飞猪来吖,女,6,其实我一直觉得我们如今的10进制不是最优标准，应该存在某种算法，可以解释一些我们一直无法解释的问题,1141天前发布
2077505452,1,长宵云梦枕,男,6,那岂不是悬臂数量也就是素数分布和π的近似值有关系？从44到710再到以后更大的数的除去质因数同余类。但其实我还是不知道数论研究素数有啥用？这么混乱的数列真的有现实事物对应吗？其理论对其他行业有帮助吗？还是说只是启发式的帮助？,1152天前发布
98792170512,0,化学牙刷把,保密,5,哦，出现新的接近整圈的，就把它形成的旋臂的后面全抽走,346天前发布
94444874272,0,千石咩咩,男,6,大呼过瘾[热词系列_妙啊],387天前发布
93789251440,0,小神龙东木婉儿,女,5,比较大的素数都是6的倍数加减1,393天前发布
93738588688,0,Wufe8,保密,6,卧槽 全是东方人是吧,394天前发布
5337413213,0,是定安呀,保密,5,我想知道素数在极坐标系里怎么表示（就是他的动画咋做的[微笑][脱单doge]）,480天前发布
5332100494,0,黄洛溪,男,6,所以你管这玩意儿叫深入浅出？,481天前发布
5076183377,0,常年倒数的数学人,男,4,视频中素数图本质原来是狄利克雷定理，赞！,511天前发布
4552843524,0,deorling,保密,6,一个视频就让我想学数论了✧(≖ ◡ ≖✿),596天前发布
4452053633,0,zxc单飞,男,6,//www.zhihu.com/question/24236455知乎 上看到这个问题就来了,615天前发布
4452046260,0,zxc单飞,男,6,Excellent!,615天前发布
4443770539,0,jockZzz,男,5,如果把素数放进三维空间甚至更多的纬度会是什么样子,617天前发布
4407749507,0,运动美语,保密,5,我看到了6m13s决定放弃了，大家继续,625天前发布
4363540394,0,爱喝龙井的普洱,保密,3,Author， this spiral should have been discovered before the invention of computer， so how did people draw a radian before? Approximation or precision?,634天前发布
4122165276,0,A烧酒,保密,6,漂亮,682天前发布
4114566335,0,pojkpojk,保密,6,看完了，受益匪浅,684天前发布
4106284937,0,卖冰淇淋的容器猫,男,6,[热词系列_知识增加][热词系列_知识增加][热词系列_知识增加][热词系列_知识增加],685天前发布
4105842078,0,eric00213,保密,5,涌现了吗？,685天前发布
4101913579,0,刀战每一天,男,6,真希望附一个可视化的代码,686天前发布
4025555903,0,漫想宅,保密,6,完全不主动学数学的我给了一键三连，原创音乐太棒了[小电视_赞],698天前发布
4019571644,0,或可待,男,5,分形图,699天前发布
3939424063,0,芷雨Chira,男,5,这期视频做得很好，结尾所言“在学到这些定义前自己探索，等学到时就有一种一见如故的感觉”，深有体会，如果每个热爱数学的人都是这样做的该多好啊,716天前发布
3915817949,0,削皮萝卜,男,6,这讲的太好了，关注了,722天前发布
3887538674,0,裂空wujs,男,5,(｀・ω・´),728天前发布
3756149408,0,鱼鱼鱼_yu,保密,5,1.884955592149/0.6是pi的近似值,760天前发布
3659276244,0,有丝分梨,保密,3,有没有兄弟联系到哥德巴赫猜想的,788天前发布
3407660301,0,Mr-Orc,保密,5,www,855天前发布
3350346651,0,園田賢,女,6,tremendous,866天前发布
3161692443,0,缘起数学,男,2,请问可以微信上转载您的视频吗？会著名来源的。,901天前发布
3126280358,0,小江屿,保密,5,你们说这会不会是黑洞里面,908天前发布
3121857309,0,醋味玉米卷,男,5,狄利克雷素数定理：若(a，b)＝1，则an+b这个等差数列包含无穷多个素数，n是正整数。,909天前发布
3092683780,0,piscow,保密,6,好吧，，一脸懵逼,915天前发布
3031568041,0,转世的餓死鬼,男,6,我他么，越想越觉得我们其实只是一堆数据或者线条，或者世界是被渲染的,929天前发布
2811787692,0,超不靠谱的小猫咪,保密,5,太高深了，看不懂。,973天前发布
2725209047,0,PromitTony,保密,6,宇宙的本质是14=280/20（狗头）,987天前发布
2691756863,0,付与四季的星,女,5,虽然听不太懂，但依旧想了解数学[灵魂出窍],992天前发布
2683978837,0,65634698559_bili,保密,5,[热词系列_知识盲区][热词系列_知识增加],993天前发布
2680114918,0,乐天客,保密,5,辛苦了,994天前发布
2500344383,0,爱发评论的人,男,5,上百度搜了一下狄利克雷定理...en，我觉得有不少人是因为百度放弃对数学追求的,1024天前发布
2456176359,0,一方通行綾小路,男,6,如果真能找出螺旋线规律的话  黎曼早就证明了[无语],1032天前发布
2449936460,0,bili_85517764674,保密,2,有意思。神奇,1033天前发布
2418079632,0,GW_ilventodoro,男,6,我要慢慢消化......,1039天前发布
2408468168,0,NaOH_Gavin,男,5,等差数列,1041天前发布
2357238785,0,荒木青阳,男,4,有没有好的数学图像处理程序推荐下[呲牙][呲牙],1052天前发布
2334136497,0,无知哒,保密,6,满足了我的脑洞,1057天前发布
2303274251,0,徒名草之道,保密,5,av55856979,1066天前发布
2298679161,0,東山新,女,6,妈耶，这逻辑，爆炸,1067天前发布
2295776551,0,数字中国,男,5,我有语言障碍[2020],1068天前发布
2251789235,0,身价6个硬币的D级人员,保密,5,一开始常在网上搜到，没想到就在b战啊[热词系列_三连],1082天前发布
2245767831,0,LaJoya_,保密,5,这也太棒了吧,1084天前发布
2232331201,0,白梦飞,保密,5,NB！,1089天前发布
2226445180,0,_Helium-,保密,5,ξαβγεθω,1091天前发布
2216571568,0,樱桃粉拳朱大肠,保密,5,@回到2049,1095天前发布
2199360529,0,牛闁闁,男,5,感觉有点啰嗦。简单的中心思想弄得让人有点晕,1102天前发布
2185494214,0,FCP-Listenbourg,保密,5,不要用英文,1107天前发布
2181619660,0,Ray_Tz,保密,5,寄蜉蝣于天地，渺沧海之一粟。,1109天前发布
2172496783,0,Zzh_QAQ,男,6,从7w粉涨到70w。真的为3B1B开心。Σ( ￣□￣||)<,1113天前发布
2168490952,0,我也是锐萌萌,男,5,积性函数,1114天前发布
2164166685,0,哙亮起来了,男,5,求更新！,1116天前发布
2150666532,0,園田賢,女,6,震撼,1122天前发布
2145486108,0,月巴嘟嘟左卫門,保密,5,з」∠)_[大哭],1124天前发布
2139183396,0,齐步凌绝顶,保密,5,能不能译成汉语，边看字幕边看图实在累，幸好有暂停慢慢看。[酸了],1126天前发布
2127566293,0,35245914090_bili,保密,3,有没有泛函分析的精华视频呢，期待！,1131天前发布
2127195585,0,自新FromNew,男,6,厉害,1131天前发布
2123491644,0,Sadieeez,保密,6,哇，前几天上课老师才给我们看了这个视频，今天又在b站首页看到了,1132天前发布
2116198788,0,齐木楠雄没有灾难,保密,6,所以这是啥定理,1136天前发布
2113209403,0,Bluffey,保密,5,最后那段话的真实写照就是我想发明的东西别人早就发明了[大哭]，但是别人发现的东西我根本不懂,1137天前发布
2111300695,0,小懒小分队,女,6,为啥圆会比别的形状大,1138天前发布
2111259225,0,江心融月,女,5,pi(x)≈x/lnx,1138天前发布
2111194519,0,LinshoreEarnton,保密,6,费马行为是什么,1138天前发布
2107048488,0,ilibilibwheel,保密,5,厉害，用 剩余系 和 欧拉函数 解释[喜极而泣][喜极而泣],1139天前发布
2105963657,0,白chi爱面包,男,5,真的很漂亮,1140天前发布
2105697738,0,極向离明,保密,6,螺旋力??这个素数螺旋。,1140天前发布
2103652628,0,ElijahHua,保密,4,Holy shit is this real， 3b1b is here!,1141天前发布
2101697165,0,-布莱克本-,女,6,芦荟女王,1142天前发布
2100539307,0,宁の情愫,男,5,什么时候会做卡尔曼滤波的讲解。。。[喜极而泣]坐等。。,1142天前发布
2100071635,0,神经网络调参侠,男,5,涉及到的知识都了解，但是看到结论的时候仍然被惊艳到了。。up和提问题的人真的厉害,1143天前发布
2097803723,0,def__main__,男,6,UP主能不能做一期小波变换的视屏啊[微笑],1144天前发布
2094137988,0,喇叭成,男,6,学音乐的表示脑壳疼,1145天前发布
2092695930,0,一Talk,保密,4,佛号 八卦的相,1146天前发布
2091417611,0,Brains,男,6,总结一下，素数呈螺旋形的原因很简单，但是呈“均匀”的螺旋形则是不平凡的结论,1146天前发布
2084479226,0,e宇航员,男,6,这时候就默默掏出和张益唐老师的合照了 hhh,1149天前发布
2083050307,0,杀域,保密,6,如何同时学习数学和英语[小电视_笑],1149天前发布
2081515686,0,好吃的鲜花饼,保密,5,还有类似的up主吗,1150天前发布
2078653626,0,鸦衔Ar,女,6,突然觉得，我浪费了20分钟。,1151天前发布
2078418082,0,成魔渡世,男,6,第一次发现数学的美,1151天前发布
2076822584,0,Capufee,男,6,无理数虽是“无理”，但在无穷里还是存在规律的,1152天前发布
2074662419,0,音乐美食粉丝,保密,4,厉害了[微笑],1153天前发布
2074227416,0,Clawiz,男,5,来了来了,1153天前发布
2072032475,0,有桃有棘,男,6,刚开始有意思，到了八分钟，就晕了，,1153天前发布
2071974569,0,kono让让子da,保密,5,所以拉马努金真天才啊[捂脸]普通人永远不知道人家脑子想的啥，咋就能有那么强的抽象和分析能力,1153天前发布
2071673443,0,无边幻境,保密,5,那个螺旋出来的时候，我都哭了，太美了,1154天前发布
2071412550,0,何以R,男,5,血书概率论,1154天前发布
2070973003,0,阿瓦解,保密,6,研究不好做啊，每期能做这么好真是难得了,1154天前发布
2070602161,0,日理万只因,女,6,数学也博大精深呀[微笑],1154天前发布
2070482767,0,radianter,保密,6,Amazing!,1154天前发布
2069616401,0,啥名儿啊6个硬币,保密,5,半年不更新，更新看半年,1155天前发布
2069405127,0,东皇云天,男,6,我突然觉得银河系的旋臂也能用数学解决。,1155天前发布
2069088610,0,玖数学,保密,4,//www.bilibili.com/video/av71380911,1155天前发布
2069077450,0,想风想雨也想你,女,6,用的什么动画软件，感觉流畅形象？,1155天前发布
2069013289,0,玖数学,保密,4,//www.bilibili.com/video/av71380911今天刚仿了一个素数的分布,1155天前发布
2068910994,0,kono让让子da,保密,5,大哥你回来了[大笑],1155天前发布
2068818216,0,TheoryofEveryth,保密,6,为什么动态里刷不到。。,1155天前发布
2068753776,0,没有才能的风平浪静,保密,6,不同尺度的图案很不一样,1155天前发布
2068726463,0,酸橙薄荷糖,保密,6,毕业多年 啥也看不懂了,1155天前发布
2068669025,0,流星还要飞多久,保密,6,如果把极坐标改成（pπ/6，p呢），这样图形会不会好看点,1155天前发布
2068627986,0,升C降D,保密,5,乍一看还以为研究出推导质数的方法了，灰馋失望,1155天前发布
2068613156,0,轮换对称性,男,6,标注，我居然关注了这么厉害的up[蛆音娘_卖萌][蛆音娘_滑稽],1155天前发布
2068570194,0,月元英,保密,5,建议制作组多出一些技巧性较强一些而知识背景没那么强的数论问题，比如二次剩余，二次互反率的证明本身就很有意思。,1155天前发布
2068433643,0,爱扔石头,男,5,我以前也发现了一个素数的图形化规律，比这视频还有规律，但是现在还不能说[滑稽][滑稽][滑稽]只能隐约感觉素数的判别式跟徒手开根号有关。,1155天前发布
2068384896,0,血色仙人掌,男,6,好漂亮的图案,1155天前发布
2068291442,0,植物大战哥,保密,6,高考数学50分的我居然看完了。,1155天前发布
2068290100,0,叶零yeling,保密,5,看了那么多，我还是一脸懵逼的说这个是什么,1155天前发布
2068274439,0,水之森,保密,6,有趣有趣,1155天前发布
2068185821,0,某银魂的坂田坂田,保密,6,？？？为什么这个视频竟然在封面，喜欢数学的b站大佬这么多吗，瑟瑟发抖[2233娘_郁闷],1155天前发布
2068078131,0,CharlesELeiserso,保密,6,太强了[灵魂出窍],1155天前发布
2067978881,0,叶雪诺,男,6,受教了，谢谢！,1155天前发布
2067742353,0,树里小神仙,保密,5,看完这个好想做数学题，虽然已经不会了[喜极而泣],1155天前发布
2067704955,0,小蛋黄的爸爸,男,6,我在想，我一个文科生进来看什么？？？[妙啊],1155天前发布
2067683722,0,KrisHugo,保密,6,我一脸懵逼的进来，又一脸懵逼的出去，惭愧于作为计算机学生而缺乏足够的数学知识。,1155天前发布
2067541136,0,被遗忘的士兵盖伊萨杰,男,5,素数，还有不可通约的数，应该想到十进制也是有规定和影响的。不过这些都和量的比率关系无关,1155天前发布
2067498276,0,海山悬崖,保密,6,原理非常简单,1155天前发布
2067433490,0,翔___,男,6,质量超高，却不火,1156天前发布
2067307622,0,我只想知道名字能多长,保密,6,如果所有的合数能组成有限不交的旋臂，那么两条旋臂之间的质数连起来看起来当然也很像。视频看了一半，不知道后面有没有严格的证明，证明这些素数严格的服从某系高阶可导曲线，如果没有的话那我感觉没啥特别的。这个证明应该不可能有吧，不然通过曲线的函数结合网格坐标就把所有质数的规律给整出来了。,1156天前发布
2067204412,0,愔钥,保密,6,这么说吧，这是我高一想的东西。起因是看的了魔法少女小圆里的那道素数题，再加上那段时间是真的闲的蛋疼。。。,1156天前发布
2067136472,0,呆猫天使平地摔,女,4,初二学生，居然模模糊糊的听懂了？！(毕竟大部分都是图像嘛),1156天前发布
2067125650,0,魔法咖啡师,男,6,片长吓退,1156天前发布
2067093150,0,华AAc,保密,5,草,1156天前发布
2066990778,0,lingyi318,保密,5,第五千赞,1156天前发布
2066906570,0,默默旋转,男,5,有些探索，只有自己知道,1156天前发布
2066839974,0,-笑矣乎,保密,5,终于更新了[微笑],1156天前发布
2066769039,0,大棉裤说剧,保密,6,整数在同余类中均匀分布，合数在同余类中均匀分布，所以两者之差，质数也是均匀分布，这是一种比较朴素直观的想法,1156天前发布
2066758151,0,仙雾Mist,男,6,看到弹幕里讨论进制的问题，突然有种感觉：人类每只手有五根手指是不是一件不幸的事呢？如果是六根手指，那么三角函数圆周运动之类的计算会方便很多，而如果是四根手指，那么计算机的数据计算会方便很多。感觉五似乎没有什么特别的？,1156天前发布
2066734467,0,IllIllIllllI,男,6,麻了,1156天前发布
2066731787,0,人造人504号,保密,5,讲的真好,1156天前发布
2066709130,0,fff火柴,保密,6,最后的一段话说的太好了[大哭],1156天前发布
2066673348,0,-ForeverNE,男,5,我觉得可视化会对学习高数有很大帮助,1156天前发布
2066660097,0,好哦喵,保密,6,嗯…喵喵喵(°∀°)ﾉ,1156天前发布
2066623029,0,The ARES Ⅱ,男,6,等角螺线？,1156天前发布
2066617564,0,啊哈我输了,保密,5,对算数级数中的素数分布感兴趣的同学可以去康康gtm74（逃,1156天前发布
2066611866,0,介胄_,男,6,这太难了，我要数素数冷静一下[doge],1156天前发布
2066609214,0,LeoTheOtaku,保密,6,b站推荐算法太狠了，我正在复习密码学，它就给我推这个，想摸个鱼就又被逼着复习了。,1156天前发布
2066607875,0,亦无None,保密,6,突然想起来初一把平方差公式推出来，到后面学的时候发觉自己都用了将近一年了,1156天前发布
2066580325,0,宝、宝,男,6,所以我们一般说那些研究数学的人是在“玩数学”而不说他们研究数学。,1156天前发布
2066578195,0,tmzbot,男,6,这个visualization真的好,1156天前发布
2066578125,0,提不起劲来的阿祖,男,6,凌晨看困了(இдஇ; )明天清醒点再看,1156天前发布
2066563207,0,剪个锤子剪,保密,5,不错不错,1156天前发布
2066560421,0,B站小可爱-刀刀,保密,6,只要小数位取得足够多 用kmp算法可以构成任何数组[呆],1156天前发布
2066542958,0,阿紫若,保密,6,up棒,1156天前发布
2066505266,0,篜気火車,保密,6,其实可以中人眼与大脑的认知去讨论一下视觉的问题,1156天前发布
2066495642,0,屋里蹲的射手座,保密,5,像手指的指纹,1156天前发布
2066482846,0,保持身心放松,男,5,没有一个视频看一遍就能懂的…,1156天前发布
2066479926,0,欧尼酱恶心心了啦啦,保密,6,因为缺少的悬臂和缺少的放射线上的点都是有大公约数的,1156天前发布
2066459161,0,灵茶山艾府,保密,6,啊啊啊终于更新了，看完又被数学之美震惊到了,1156天前发布
2066435409,0,方块郭,男,5,请问视频里的背景音乐是啥呀,1156天前发布
2066434613,0,宅在家的蛇,保密,5,怎么说呢？虽然对我的成绩没啥用处，但，666,1156天前发布
2066374352,0,HuangPZ,保密,5,太美了,1156天前发布
2066295238,0,口O口O口O口,保密,6,被高数折磨的要死要活的，这玩意我居然看懂了。。。,1156天前发布
2066293548,0,百味纷呈,男,6,第一反应是东野圭吾作品《危险的维纳斯》里面的螺旋。,1156天前发布
2066258893,0,卡比兽Karl,保密,5,每晚一看，早睡早起,1156天前发布
2066249956,0,_Exorcist,保密,6,我很早以前就有用图像的方式来找质数分布规律的想法，但是想法毕竟是想法，我知识还不够啊,1156天前发布
2066242929,0,Azir-小胖,保密,6,数学的魅力,1156天前发布
2066232513,0,图灵溥仪,保密,5,素数在我看来他就是没有规律的数所以才叫素数，但是寻找规律比这条冷冰冰的无情定义有趣多了,1156天前发布
2066223943,0,IndexIV,保密,5,爷爷您关注的up更新啦！[笑哭],1156天前发布
2066215677,0,丝绒P,保密,6,其实看到最后有点小失望，本来以为会有啥更“深刻玄妙“的素数与宇宙与π之间的神奇联系哈哈哈，up搬运辛苦了[支持],1156天前发布
2066206241,0,刍狗_割裂之刃Ver,男,6,太强了,1156天前发布
2066199603,0,荣光归于安格鲁,保密,6,太美了吧,1156天前发布
2066198961,0,catcatsoup,男,6,这期好赞  很有感触,1156天前发布
2066194633,0,毕生温柔只属于你,男,6,好久没看了，前几期好多大学知识[捂脸],1156天前发布
2066193642,0,Woshiluo_,男,6,这个视频真的太棒了[小电视_太太喜欢],1156天前发布
2066190310,0,DPS超引擎,男,6,喵啊,1156天前发布
2066181457,0,不愿透露姓名的愚者,男,5,看不太懂，但是很赞！,1156天前发布
2066160113,0,努力工作学习不断战斗,保密,6,学习数学可以让你愿意接受自己多么渺小这一事实。,1156天前发布
2066156354,0,不粘锅个咸鱼,保密,5,投完币差点激动地点👎🏻了。。。。,1156天前发布
2066147731,0,最近超爱蓝小鸟,保密,6,论怎样在讨论数学时避免欧拉大神。,1156天前发布
2066140930,0,JRMAX,保密,6,血书概率论,1156天前发布
2066135197,0,cartman001,女,5,不是说明天？,1156天前发布
2066131538,0,一世义忠仁,保密,6,有点好奇，如果是球坐标（p，p，p）的话图像又会是什么样子啊？,1156天前发布
2066125604,0,楪と祈,保密,6,走进科学？我差点被淹死了,1156天前发布
2066106793,0,工农阶级终将胜利,保密,6,太短了！！！没有看过瘾！还以为20多分钟够看了的！,1156天前发布
2066105460,0,aloudzoe,保密,6,数学太美了,1156天前发布
2066099621,0,最近超爱蓝小鸟,保密,6,太牛逼了，爱上了数学，可惜数学不爱我[灵魂出窍],1156天前发布
2066097186,0,L1ttel_Y,男,5,那段拉远的动画可以做一个科技感的视频的开场,1156天前发布
2066087641,0,中国辉煌,男,6,视频的前一半，哇好神奇好有趣视频的后一半，嗯，嗯，嗯，（假装看得懂）,1156天前发布
2066082791,0,一般艾菲,保密,6,我爱死这视频了,1156天前发布
2066068216,0,依神紫苑Official,男,6,是我最喜欢的质数螺旋,1156天前发布
2066067481,0,magicianP,保密,5,刚下晚自习,1156天前发布
2066060587,0,9998酱,保密,6,每次看完视频头脑发胀[大哭],1156天前发布
2066059497,0,Asuka__Minato,保密,5,给出对应的 Mathematica 代码ListPolarPlot[{#， #} & /@ Prime@Range@1000],1156天前发布
2066049450,0,大号借给别人了,男,5,19分钟后高潮,1156天前发布
2066006309,0,天才ノ,保密,6,44的答案为谁而留[小电视_嘟嘴],1156天前发布
2066001626,0,李青止,男,6,[蛆音娘_吐血][蛆音娘_吐血],1156天前发布
2065985526,0,我可以改吧,保密,5,@妈咪说,1156天前发布
2065982450,0,都爱看天,保密,6,同余的知识总是学了又忘啊，好像……大学数学都是处于我学过，但是记不清楚的状态啊😂😂😂,1156天前发布
2065963825,0,Chiefout-,男,5,OHHHHHHHHHHHHH,1156天前发布
2065958805,0,家里蹲大学屋里系,男,6,要概率论,1156天前发布
2065950566,0,jzjoxo,保密,6,老片源换成1080p60了嘛?,1156天前发布
2065944493,0,太阳丷,男,6,银河系是否是按照这个来排列？,1156天前发布
2065930764,0,c0MPasS,女,6,12分钟那一块，两个说自己显示器4k，5k怎样怎样的的真的给👴🏻看笑了，不知道视频源还是1080p的吗,1156天前发布
2065921502,0,家里蹲大学屋里系,男,6,概率论怎么没了。。。,1156天前发布
2065896942,0,OhnkytaBlabdey,男,6,(｀・ω・´),1156天前发布
2065879934,0,浅浅的淡淡的粉色,保密,5,神奇的数学,1156天前发布
2065877969,0,热休克蛋白Hsp40s,保密,6,我好菜啊。后面这些出自于定义带来的问题让我想起了唯名论。我这种菜鸡就远离学术界吧,1156天前发布
2065871959,0,黄禄轩电脑专用账号,男,6,定时刷新评论检查热评变化。。。,1156天前发布
2065862173,0,原物已死_新物重生,保密,6,我觉得这期视频有点不够味,1156天前发布
2065840475,0,费米能级-真,保密,6,祖冲之的约率和密率，就是这些螺旋线和“射线”（其实是弧度更小的螺旋线）的根源,1156天前发布
2065830484,0,魔豆法师,男,6,讲得好[画风突变],1156天前发布
2065830206,0,流水落花无声匿,保密,5,这些视频才是大学应该学的。,1156天前发布
2065821191,0,奔奔Erik,保密,6,最喜欢的就是这个up了,1156天前发布
2065821047,0,赤绫,保密,6,这个证明的内容太长了，我的视频里放不下[doge],1156天前发布
2065820001,0,下午茶拾荒,男,6,好看不火，惋惜,1156天前发布
2065818876,0,黄禄轩电脑专用账号,男,6,来了,1156天前发布
2065817942,0,智慧之绊脚石,保密,6,请问微分方程什么时候更新呀！[喜欢],1156天前发布
2065804991,0,奔奔Erik,保密,6,素数乃世界之宝,1156天前发布
2065804586,0,芜茗不能究数理,保密,6,最后一段话，受益匪浅[支持],1156天前发布
2065801354,0,酱油曲霉,保密,6,虽然大部分听不懂，但是最后一句我认为我懂了，尤其是：真他么漂亮[支持],1156天前发布
2065798148,0,B站评论点赞员,男,6,满脑子螺旋，懵B了,1156天前发布
2065797777,0,EnderD,保密,6,封面一看还以为是东方[微笑],1156天前发布
2065792996,0,伏以待机,男,6,我也想成为高数大佬[大哭],1156天前发布
2065786981,0,人艰不拆赵三金,男,6,太赞了！想学manium！,1156天前发布
2065778228,0,希一一,保密,6,噢噢噢噢噢噢，上次书展看东野圭吾的《危险的维纳斯》里有提到过这个素数螺旋，这次啊派就出视频讲这个了，我太幸福了[害羞],1156天前发布
2065776182,0,湊みなと_Official,男,6,这玩意跟是不是素数无关啊。。,1156天前发布
2065764701,0,IT老胡,保密,6,有趣！,1156天前发布
2065752592,0,如果大便分叉,保密,5,上上周在油管恰生肉，恰不动，还好B站有翻译[微笑],1156天前发布
2065750457,0,数星星的安安,保密,5,我竟然听懂了(°∀°)ﾉ,1156天前发布
2065750272,0,zzh_ha,男,6,妈的，看不懂,1156天前发布
2065749683,0,会钟意,男,5,这期太棒了,1156天前发布
2065749444,0,Peter-老P,男,6,我有一个需要帮助的想法。3*5*7*11*13*17*...*P-2的指数，有非常大的概率是素数。但是如果在非常大的情况下，怎么快速确定它是素数呢？如果有方法。那么可以做到比梅森素数还快的增长。,1156天前发布
2065748021,0,公羽小官人,保密,6,太极,1156天前发布
2065744879,0,rydl,保密,6,嗯。。终于有一个可以大致听明白了,1156天前发布
2065741270,0,圆柱曲线,保密,6,两百年前人家干的活，已经超过一般普通直观的想象了，所以现代科学真是强大！作为现代科学基础之一的数学的强大更不用说了。所以光知道355/113约等于π虽然厉害，但还是得发明研究数学研究科学的方法才更强大啊。,1156天前发布
2065738682,0,马德之杖,男,6,后排,1156天前发布
2065731544,0,BeKoven,保密,5,耳目一新[微笑],1156天前发布
2065728393,0,forbidden,男,6,感谢更新,1156天前发布
2065727686,0,chqcola,保密,6,再不更新就差点取关了[吃瓜],1156天前发布
2065714655,0,落入沟渠,保密,6,我居然听懂了,1156天前发布
2065711932,0,fcc3654,保密,5,直角坐标系的对角线，转化成极坐标螺线,1156天前发布
2065705404,0,一万亿美元,保密,6,数学啊,1156天前发布
2065704304,0,桂冠詩人,保密,6,Mathematics is So Beautiful!!!,1156天前发布
2065704031,0,Nyatopia,保密,6,我刚看完英文版[笑哭],1156天前发布
2065701759,0,奶奶年年,保密,6,这期我看懂了！能给中学的学生看！,1156天前发布
2065697975,0,gfgghgftgffg,保密,6,我从出生开始就推3b1b了,1156天前发布
2065697137,0,一小口奶酪,男,6,这实在太美了。[喜欢][喜欢][喜欢],1156天前发布
2065694490,0,曉曉茨木,保密,5,诈尸了?,1156天前发布
2065694189,0,M-Culture,男,6,原来是这样！好像懂了？,1156天前发布
2065694154,0,第二小队队长,男,5,老大出马  一个顶两[点赞],1156天前发布
2065686494,0,啵骑士,男,5,热评近在眼前，骚话却不在嘴边,1156天前发布
2065686455,0,半脑浆糊,保密,5,视频很好看，很满意，完全超出期望值，视频更新也很快，谢谢up，这是我在B站最满意的一次视频了，up的态度也很好，我问了不少问题，他都不觉得烦，都会认真回答我，视频也没有瑕疵，迫不及待得打开，发现完全超出我的想象，我以后会常看的，也会推荐朋友们看。,1156天前发布
2065682836,0,文武贝科动物,保密,5,终于更新啦！,1156天前发布
2065678855,0,feiyue45if,保密,6,终于更啦！,1156天前发布
2065674798,0,桜鍵,保密,6,关注3b1b最大的收获就是：即使不懂的东西，假装能看懂就行了[2233娘_大笑],1156天前发布
2065674100,0,游荡的猫,男,6,螺旋？盲狙一个π,1156天前发布
2065671474,0,一米快哉风,男,6,wow，数学真是太美了,1156天前发布
2065667311,0,凤凰茧,男,6,如果不是素数只是无规律的数字会不会也会出现这种图案呢,1156天前发布
2065664937,0,DuKeM-CSGO,男,6,来了来了，认真学习~,1156天前发布
2065658856,0,近卫上天大队,男,6,佛说，不行[滑稽],1156天前发布
2065658329,0,锦帆贼甘兴霸,保密,6,让人头大的旅程开始了,1156天前发布
2065658081,0,一个空白名字,保密,6,来了来了[微笑],1156天前发布
2065657928,0,御坂16510号,保密,6,来了来了,1156天前发布
2065657723,0,Sturmfrei_,女,6,你是谁(ﾟДﾟ≡ﾟдﾟ)!?,1156天前发布
142523635632,0,百分之七SevPerc,男,5,对一个模数m，悬臂数量其实就是φ(m)。,10天前发布
138118501408,0,夕nnnn,女,6,第一个用0.75倍速看完的视频,40天前发布
138118414848,0,夕nnnn,女,6,一定要抱着学习的态度而不是解决的态度对待数学啊，不然满满的挫败感。一直都在学习,40天前发布
136773442400,0,冰刃晴光,男,4,好奇妙啊！,50天前发布
136670753584,0,manmanmeme,保密,2,打麻将我一般叫一三，或者79,51天前发布
122616457392,0,Let_it_Gone,保密,5,我觉得可以先改用一种特殊的极坐标系，一圈就是6。再改回来一圈是2PI的普通极坐标系。会更直观一些，毕竟在这个语境中2PI是没有实际含义的,155天前发布
118282704512,0,KZGyism,保密,4,fí,186天前发布
114540342832,0,无限大的梦想后面,保密,5,弹幕总往玄学那跑，我也是服了,215天前发布
110996072656,0,AdvancingMadman,保密,4,弹幕好多智障,244天前发布
109344306192,0,当朝大学士统共有,保密,5,超看睡着了。。。我还是造诣太浅了,257天前发布
106233428192,0,居云中士,保密,4,能够看到螺旋或者放射线就是因为人脑的过拟合呀！,283天前发布
105504190272,0,664616747,男,6,[doge]透，进制也可以写成nk+i（i＜k）的形式了[doge],289天前发布
105372419600,0,小无极,保密,5,LCJ猜想：素数的极坐标分布 1.跟银河系的星球一一对应 2. 跟人头顶的旋儿、指纹脚趾纹形状有神秘联系,290天前发布
102275616528,0,1照亮可乐的荧光1,保密,5,人为规定的奇怪的整数弧度,318天前发布
100399381344,0,P1MPKA,男,5,结论：是极坐标系的摩尔纹,333天前发布
